ts,repo,pull_count,star_count,last_updated
2019-09-16T07:00:59.239961Z,tkpd/gripmock,0,0,
2019-10-07T05:44:34.501014Z,tkpd/gripmock,26023,0,
2019-10-28T04:28:09.762067Z,tkpd/gripmock,31612,0,
2019-11-18T03:11:45.023120Z,tkpd/gripmock,31846,0,
2019-12-09T01:55:20.284173Z,tkpd/gripmock,32171,0,
2019-12-30T00:38:55.545226Z,tkpd/gripmock,32585,0,
2020-01-19T23:22:30.806279Z,tkpd/gripmock,33087,0,
2020-02-09T22:06:06.067332Z,tkpd/gripmock,33675,0,
2020-03-01T20:49:41.328385Z,tkpd/gripmock,34346,0,
2020-03-22T19:33:16.589438Z,tkpd/gripmock,35100,0,
2020-04-12T18:16:51.850491Z,tkpd/gripmock,35935,0,
2020-05-03T17:00:27.111544Z,tkpd/gripmock,36849,0,
2020-05-24T15:44:02.372597Z,tkpd/gripmock,37840,0,
2020-06-14T14:27:37.633650Z,tkpd/gripmock,42186,0,
2020-07-05T13:11:12.894703Z,tkpd/gripmock,45226,0,
2020-07-26T11:54:48.155756Z,tkpd/gripmock,46439,0,
2020-08-16T10:38:23.416809Z,tkpd/gripmock,47723,0,
2020-09-06T09:21:58.677862Z,tkpd/gripmock,49076,0,
2020-09-27T08:05:33.938915Z,tkpd/gripmock,53936,0,
2020-10-18T06:49:09.199967Z,tkpd/gripmock,70134,0,
2020-11-08T05:32:44.461020Z,tkpd/gripmock,92899,0,
2020-11-29T04:16:19.722073Z,tkpd/gripmock,118901,0,
2020-12-20T02:59:54.983126Z,tkpd/gripmock,143653,0,
2021-01-10T01:43:30.244179Z,tkpd/gripmock,163124,0,
2021-01-31T00:27:05.505232Z,tkpd/gripmock,175222,0,
2021-02-20T23:10:40.766285Z,tkpd/gripmock,180528,0,
2021-03-13T21:54:16.027338Z,tkpd/gripmock,182426,0,
2021-04-03T20:37:51.288391Z,tkpd/gripmock,184376,0,
2021-04-24T19:21:26.549444Z,tkpd/gripmock,190022,0,
2021-05-15T18:05:01.810497Z,tkpd/gripmock,202560,0,
2021-06-05T16:48:37.071550Z,tkpd/gripmock,221191,0,
2021-06-26T15:32:12.332603Z,tkpd/gripmock,243243,0,
2021-07-17T14:15:47.593656Z,tkpd/gripmock,264638,0,
2021-08-07T12:59:22.854709Z,tkpd/gripmock,281414,0,
2021-08-28T11:42:58.115762Z,tkpd/gripmock,291248,0,
2021-09-18T10:26:33.376815Z,tkpd/gripmock,294406,0,
2021-10-09T09:10:08.637868Z,tkpd/gripmock,296749,0,
2021-10-30T07:53:43.898921Z,tkpd/gripmock,299128,0,
2021-11-20T06:37:19.159974Z,tkpd/gripmock,301540,0,
2021-12-11T05:20:54.421027Z,tkpd/gripmock,311445,0,
2022-01-01T04:04:29.682080Z,tkpd/gripmock,332888,0,
2022-01-22T02:48:04.943133Z,tkpd/gripmock,360692,0,
2022-02-12T01:31:40.204186Z,tkpd/gripmock,390806,0,
2022-03-05T00:15:15.465239Z,tkpd/gripmock,418710,0,
2022-03-25T22:58:50.726292Z,tkpd/gripmock,441036,0,
2022-04-15T21:42:25.987345Z,tkpd/gripmock,456785,0,
2022-05-06T20:26:01.248398Z,tkpd/gripmock,467654,0,
2022-05-27T19:09:36.509451Z,tkpd/gripmock,477349,0,
2022-06-17T17:53:11.770504Z,tkpd/gripmock,490166,0,
2022-07-08T16:36:47.031557Z,tkpd/gripmock,509361,0,
2022-07-29T15:20:22.292610Z,tkpd/gripmock,535901,0,
2022-08-19T14:03:57.553663Z,tkpd/gripmock,568031,0,
2022-09-09T12:47:32.814716Z,tkpd/gripmock,601800,0,
2022-09-30T11:31:08.075769Z,tkpd/gripmock,632407,0,
2022-10-21T10:14:43.336822Z,tkpd/gripmock,655889,0,
2022-11-11T08:58:18.597875Z,tkpd/gripmock,670545,1,
2022-12-02T07:41:53.858928Z,tkpd/gripmock,677548,1,
2022-12-23T06:25:29.119981Z,tkpd/gripmock,680526,1,
2023-01-13T05:09:04.381033Z,tkpd/gripmock,684257,1,
2023-02-03T03:52:39.642086Z,tkpd/gripmock,692975,1,
2023-02-24T02:36:14.903139Z,tkpd/gripmock,708907,1,
2023-03-17T01:19:50.164192Z,tkpd/gripmock,731539,1,
2023-04-07T00:03:25.425245Z,tkpd/gripmock,757863,1,
2023-04-27T22:47:00.686298Z,tkpd/gripmock,783518,1,
2023-05-18T21:30:35.947351Z,tkpd/gripmock,804439,1,
2023-06-08T20:14:11.208404Z,tkpd/gripmock,818403,1,
2023-06-29T18:57:46.469457Z,tkpd/gripmock,825911,1,
2023-07-20T17:41:21.730510Z,tkpd/gripmock,830061,1,
2023-08-10T16:24:56.991563Z,tkpd/gripmock,835458,1,
2023-08-16T09:45:55.492652Z,bavix/gripmock,0,0,
2023-08-31T15:08:32.252616Z,tkpd/gripmock,846571,1,
2023-09-06T05:30:21.655855Z,bavix/gripmock,3296,0,
2023-09-21T13:52:07.513669Z,tkpd/gripmock,866128,1,
2023-09-27T01:14:47.819058Z,bavix/gripmock,4474,0,
2023-10-12T12:35:42.774722Z,tkpd/gripmock,894125,1,
2023-10-17T20:59:13.982262Z,bavix/gripmock,5199,0,
2023-11-02T11:19:18.035775Z,tkpd/gripmock,927781,1,
2023-11-07T16:43:40.145465Z,bavix/gripmock,5435,0,
2023-11-23T10:02:53.296828Z,tkpd/gripmock,962471,1,
2023-11-28T12:28:06.308668Z,bavix/gripmock,5722,0,
2023-12-14T08:46:28.557881Z,tkpd/gripmock,993317,1,
2023-12-19T08:12:32.471871Z,bavix/gripmock,6065,0,
2024-01-04T07:30:03.818934Z,tkpd/gripmock,1016878,1,
2024-01-09T03:56:58.635075Z,bavix/gripmock,6606,0,
2024-01-25T06:13:39.079987Z,tkpd/gripmock,1032329,1,
2024-01-29T23:41:24.798278Z,bavix/gripmock,8593,0,
2024-02-15T04:57:14.341040Z,tkpd/gripmock,1041678,1,
2024-02-19T19:25:50.961481Z,bavix/gripmock,11751,0,
2024-03-07T03:40:49.602093Z,tkpd/gripmock,1048958,1,
2024-03-11T15:10:17.124684Z,bavix/gripmock,15898,0,
2024-03-28T02:24:24.863146Z,tkpd/gripmock,1058680,1,
2024-04-01T10:54:43.287887Z,bavix/gripmock,20610,0,
2024-04-18T01:08:00.124199Z,tkpd/gripmock,1074141,1,
2024-04-22T06:39:09.451091Z,bavix/gripmock,25367,0,
2024-05-08T23:51:35.385252Z,tkpd/gripmock,1096184,1,
2024-05-13T02:23:35.614294Z,bavix/gripmock,29755,0,
2024-05-29T22:35:10.646305Z,tkpd/gripmock,1122848,1,
2024-06-02T22:08:01.777497Z,bavix/gripmock,33618,0,
2024-06-19T21:18:45.907358Z,tkpd/gripmock,1150044,1,
2024-06-23T17:52:27.940700Z,bavix/gripmock,37119,0,
2024-07-10T20:02:21.168411Z,tkpd/gripmock,1173018,1,
2024-07-14T13:36:54.103903Z,bavix/gripmock,40670,0,
2024-07-31T18:45:56.429464Z,tkpd/gripmock,1188087,1,
2024-08-04T09:21:20.267107Z,bavix/gripmock,44777,0,
2024-08-21T17:29:31.690517Z,tkpd/gripmock,1194012,1,
2024-08-25T05:05:46.430310Z,bavix/gripmock,49839,0,
2024-09-11T16:13:06.951570Z,tkpd/gripmock,1196013,1,
2024-09-15T00:50:12.593513Z,bavix/gripmock,56000,0,
2024-10-02T14:56:42.212623Z,tkpd/gripmock,1197963,1,
2024-10-05T20:34:38.756716Z,bavix/gripmock,63068,0,
2024-10-23T13:40:17.473676Z,tkpd/gripmock,1199860,1,
2024-10-26T16:19:04.919920Z,bavix/gripmock,70570,0,
2024-11-13T12:23:52.734729Z,tkpd/gripmock,1201704,1,
2024-11-16T12:03:31.083123Z,bavix/gripmock,77899,0,
2024-12-04T11:07:27.995782Z,tkpd/gripmock,1203493,1,
2024-12-07T07:47:57.246326Z,bavix/gripmock,84516,0,
2024-12-25T09:51:03.256835Z,tkpd/gripmock,1216795,1,
2024-12-28T03:32:23.409529Z,bavix/gripmock,90136,0,
2025-01-15T08:34:38.517888Z,tkpd/gripmock,1238896,1,
2025-01-17T23:16:49.572732Z,bavix/gripmock,94816,0,
2025-02-05T07:18:13.778941Z,tkpd/gripmock,1260193,1,
2025-02-07T19:01:15.735936Z,bavix/gripmock,98919,0,
2025-02-26T06:01:49.039994Z,tkpd/gripmock,1276485,1,
2025-02-28T14:45:41.899139Z,bavix/gripmock,102974,0,
2025-03-19T04:45:24.301046Z,tkpd/gripmock,1285569,1,
2025-03-21T10:30:08.062342Z,bavix/gripmock,107468,0,
2025-04-09T03:28:59.562099Z,tkpd/gripmock,1288052,1,
2025-04-11T06:14:34.225545Z,bavix/gripmock,112664,0,
2025-04-30T02:12:34.823152Z,tkpd/gripmock,1289405,1,
2025-05-02T01:59:00.388749Z,bavix/gripmock,118498,0,
2025-05-21T00:56:10.084205Z,tkpd/gripmock,1290689,1,
2025-05-22T21:43:26.551952Z,bavix/gripmock,124595,0,
2025-06-10T23:39:45.345258Z,tkpd/gripmock,1292991,1,
2025-06-12T17:27:52.715155Z,bavix/gripmock,130401,0,
2025-07-01T22:23:20.606311Z,tkpd/gripmock,1306425,1,
2025-07-03T13:12:18.878358Z,bavix/gripmock,135380,0,
2025-07-22T21:06:55.867364Z,tkpd/gripmock,1327177,1,
2025-07-24T08:56:45.041561Z,bavix/gripmock,139213,0,
2025-08-12T19:50:31.128417Z,tkpd/gripmock,1352032,1,
2025-08-14T04:41:11.204765Z,bavix/gripmock,141914,0,
2025-09-02T18:34:06.389470Z,tkpd/gripmock,1376087,1,
2025-09-04T00:25:37.367968Z,bavix/gripmock,143828,0,
2025-09-23T17:17:41.650523Z,tkpd/gripmock,1380691,2,
2025-09-24T20:10:03.531171Z,bavix/gripmock,145509,0,
2025-10-14T16:01:16.911576Z,tkpd/gripmock,1381445,2,
2025-10-15T15:54:29.694374Z,bavix/gripmock,147518,0,
2025-11-04T14:44:52.172629Z,tkpd/gripmock,1382116,2,
2025-11-05T11:38:55.857577Z,bavix/gripmock,150224,0,
2025-11-25T13:28:27.433682Z,tkpd/gripmock,1382704,2,
2025-11-26T07:23:22.020781Z,bavix/gripmock,153666,0,
2025-12-16T12:12:02.694735Z,tkpd/gripmock,1383206,2,
2025-12-17T03:07:48.183984Z,bavix/gripmock,157536,0,
2026-01-06T10:55:37.955788Z,tkpd/gripmock,1383620,2,
2026-01-06T22:52:14.347187Z,bavix/gripmock,161284,0,
2026-01-27T09:39:13.216841Z,tkpd/gripmock,1383945,2,
2026-01-27T18:36:40.510390Z,bavix/gripmock,164305,0,
2026-02-17T08:22:48.477894Z,tkpd/gripmock,1384180,2,
2026-02-17T14:21:06.673594Z,bavix/gripmock,166134,1,
2026-03-10T07:06:23.738947Z,tkpd/gripmock,1384321,2,
2026-03-10T10:05:32.836797Z,bavix/gripmock,166236,1,
2026-03-31T05:49:59Z,bavix/gripmock,166271,1,2026-03-30T21:04:52.783739Z
2026-03-31T05:49:59Z,tkpd/gripmock,1384369,2,2025-05-05T11:15:00.061267Z
2026-04-01T06:19:00Z,bavix/gripmock,167426,1,2026-04-01T03:09:16.292941Z
2026-04-01T06:19:00Z,tkpd/gripmock,1388921,2,2025-05-05T11:15:00.061267Z
2026-04-02T04:54:54Z,bavix/gripmock,168508,1,2026-04-01T03:09:16.292941Z
2026-04-02T04:54:54Z,tkpd/gripmock,1393984,2,2025-05-05T11:15:00.061267Z
2026-04-03T04:56:37Z,bavix/gripmock,169551,1,2026-04-02T20:56:29.035703Z
2026-04-03T04:56:37Z,tkpd/gripmock,1398541,2,2025-05-05T11:15:00.061267Z
2026-04-04T04:31:59Z,bavix/gripmock,170111,1,2026-04-03T06:04:32.810041Z
2026-04-04T04:31:59Z,tkpd/gripmock,1401433,2,2025-05-05T11:15:00.061267Z
